state,direction,id,official_name,official_class,source_path,source_sha256
CONFIGURATION,CLIENTBOUND,0x00,cookie_request,net.minecraft.network.protocol.cookie.ClientboundCookieRequestPacket,net/minecraft/network/protocol/cookie/ClientboundCookieRequestPacket.java,db0c2722964a189f691a5a3824c29dcee299da1fba6f361454b55ce8576c053d
CONFIGURATION,CLIENTBOUND,0x01,custom_payload,net.minecraft.network.protocol.common.ClientboundCustomPayloadPacket,net/minecraft/network/protocol/common/ClientboundCustomPayloadPacket.java,1a973d2cfe37a2749d5262d4b4cf8d95e165bf1e5b141e68d5e8e2a458233c7f
CONFIGURATION,CLIENTBOUND,0x02,disconnect,net.minecraft.network.protocol.common.ClientboundDisconnectPacket,net/minecraft/network/protocol/common/ClientboundDisconnectPacket.java,f1c2c5dd882a37e2cf2b79de01e17670ff0852da8a08c1f12bf9129734623cff
CONFIGURATION,CLIENTBOUND,0x03,finish_configuration,net.minecraft.network.protocol.configuration.ClientboundFinishConfigurationPacket,net/minecraft/network/protocol/configuration/ClientboundFinishConfigurationPacket.java,2fc6bf2e85d277ae1f8422011bc085ebbd96861fdf718f9decb26c97b0db9930
CONFIGURATION,CLIENTBOUND,0x04,keep_alive,net.minecraft.network.protocol.common.ClientboundKeepAlivePacket,net/minecraft/network/protocol/common/ClientboundKeepAlivePacket.java,6aef6fbe665d4a0153235039684e46f87f7079bac863076aa62f01e28ee24973
CONFIGURATION,CLIENTBOUND,0x05,ping,net.minecraft.network.protocol.common.ClientboundPingPacket,net/minecraft/network/protocol/common/ClientboundPingPacket.java,0bf558795f1c0ea0d6bbb1a13d3fe7a8ede015a84945075e3ca4928f7647bd6a
CONFIGURATION,CLIENTBOUND,0x06,reset_chat,net.minecraft.network.protocol.configuration.ClientboundResetChatPacket,net/minecraft/network/protocol/configuration/ClientboundResetChatPacket.java,fa19ca0313f558652f0d15b11979e521dbab2980ac03bb8ee7e078fd96cc1584
CONFIGURATION,CLIENTBOUND,0x07,registry_data,net.minecraft.network.protocol.configuration.ClientboundRegistryDataPacket,net/minecraft/network/protocol/configuration/ClientboundRegistryDataPacket.java,5fcce02e360a61fefdb057f39067185876030e311804210c23dad3bec7d37409
CONFIGURATION,CLIENTBOUND,0x08,resource_pack_pop,net.minecraft.network.protocol.common.ClientboundResourcePackPopPacket,net/minecraft/network/protocol/common/ClientboundResourcePackPopPacket.java,9216ef17435212c1d379a3bd4dc71bff87d4ec177cfdf4b8b7c95e48815c3d2b
CONFIGURATION,CLIENTBOUND,0x09,resource_pack_push,net.minecraft.network.protocol.common.ClientboundResourcePackPushPacket,net/minecraft/network/protocol/common/ClientboundResourcePackPushPacket.java,0881f7f4415e3716055a0d39a7d019735313407d12bf7fe0eabef903e2bc93cd
CONFIGURATION,CLIENTBOUND,0x0A,store_cookie,net.minecraft.network.protocol.common.ClientboundStoreCookiePacket,net/minecraft/network/protocol/common/ClientboundStoreCookiePacket.java,2f30d780303964869a11250292e60e26d7cf57c4a1d99f3b69570176362ecb01
CONFIGURATION,CLIENTBOUND,0x0B,transfer,net.minecraft.network.protocol.common.ClientboundTransferPacket,net/minecraft/network/protocol/common/ClientboundTransferPacket.java,a6469a8b24124d6b6505a82468f9a41cea0a6f87cd41973e089cc10f11287510
CONFIGURATION,CLIENTBOUND,0x0C,update_enabled_features,net.minecraft.network.protocol.configuration.ClientboundUpdateEnabledFeaturesPacket,net/minecraft/network/protocol/configuration/ClientboundUpdateEnabledFeaturesPacket.java,203a4e07632fa34cbd4564248f32ac03beec3f798c98d1fe2afd89507f25ddbb
CONFIGURATION,CLIENTBOUND,0x0D,update_tags,net.minecraft.network.protocol.common.ClientboundUpdateTagsPacket,net/minecraft/network/protocol/common/ClientboundUpdateTagsPacket.java,3521b71b6a62b414b1d28abf628f9c22211d2ce86c2b79b461aa7b09b42aa43d
CONFIGURATION,CLIENTBOUND,0x0E,select_known_packs,net.minecraft.network.protocol.configuration.ClientboundSelectKnownPacks,net/minecraft/network/protocol/configuration/ClientboundSelectKnownPacks.java,046add146435d1fe3e49fe3e2ab1ea1705cfb00d64d04abc8c7c51664d264b7f
CONFIGURATION,CLIENTBOUND,0x0F,custom_report_details,net.minecraft.network.protocol.common.ClientboundCustomReportDetailsPacket,net/minecraft/network/protocol/common/ClientboundCustomReportDetailsPacket.java,b0070dd354b17a2df96901b57cf5bbbe647ba6b18100f60445df0bd021489c67
CONFIGURATION,CLIENTBOUND,0x10,server_links,net.minecraft.network.protocol.common.ClientboundServerLinksPacket,net/minecraft/network/protocol/common/ClientboundServerLinksPacket.java,b9e71b354d157406788a043390a9c997fe51531330861195469d04e92469cd8a
CONFIGURATION,CLIENTBOUND,0x11,clear_dialog,net.minecraft.network.protocol.common.ClientboundClearDialogPacket,net/minecraft/network/protocol/common/ClientboundClearDialogPacket.java,95018b4c0ac6b0936fa72a4b11c2404329ba933cf109cc1438dc4f31d999111c
CONFIGURATION,CLIENTBOUND,0x12,show_dialog,net.minecraft.network.protocol.common.ClientboundShowDialogPacket,net/minecraft/network/protocol/common/ClientboundShowDialogPacket.java,191ca4e2fd7085403d85e31c64cf95424881e5620594c21c518e70c5804b0ab5
CONFIGURATION,CLIENTBOUND,0x13,code_of_conduct,net.minecraft.network.protocol.configuration.ClientboundCodeOfConductPacket,net/minecraft/network/protocol/configuration/ClientboundCodeOfConductPacket.java,5dac9f5eecf0d360ae280bed54e43651f0bacf9a94677daf15aaa7b1cf710360
CONFIGURATION,SERVERBOUND,0x00,client_information,net.minecraft.network.protocol.common.ServerboundClientInformationPacket,net/minecraft/network/protocol/common/ServerboundClientInformationPacket.java,9401b91180f9041ee6e8639e8575e4c4bcc3f018044261c6e1a6317009607fe0
CONFIGURATION,SERVERBOUND,0x01,cookie_response,net.minecraft.network.protocol.cookie.ServerboundCookieResponsePacket,net/minecraft/network/protocol/cookie/ServerboundCookieResponsePacket.java,37034a5bdd1ecc508783dc2b41bd49a93a7fd86037a35d7fe34fdf5a85a59d44
CONFIGURATION,SERVERBOUND,0x02,custom_payload,net.minecraft.network.protocol.common.ServerboundCustomPayloadPacket,net/minecraft/network/protocol/common/ServerboundCustomPayloadPacket.java,4c43cecac91688b81cad2bc419545c6cafe0a76c1fb1f3affadd5919e3011520
CONFIGURATION,SERVERBOUND,0x03,finish_configuration,net.minecraft.network.protocol.configuration.ServerboundFinishConfigurationPacket,net/minecraft/network/protocol/configuration/ServerboundFinishConfigurationPacket.java,e00b08a359ca7672a2d97acfc9ba527ac9cacd75fce36e77989d5d439b178f4e
CONFIGURATION,SERVERBOUND,0x04,keep_alive,net.minecraft.network.protocol.common.ServerboundKeepAlivePacket,net/minecraft/network/protocol/common/ServerboundKeepAlivePacket.java,78b9e510e2074beee6e70b394005907c973423293539afb803d96d0d2b3445d6
CONFIGURATION,SERVERBOUND,0x05,pong,net.minecraft.network.protocol.common.ServerboundPongPacket,net/minecraft/network/protocol/common/ServerboundPongPacket.java,d9533859a151c062608cefd358f4d873fd0cd28b7a0ff3bc4972260ed705ff66
CONFIGURATION,SERVERBOUND,0x06,resource_pack,net.minecraft.network.protocol.common.ServerboundResourcePackPacket,net/minecraft/network/protocol/common/ServerboundResourcePackPacket.java,098e669a40ff17d3cfa6d3ff1a7be89ccf0c22eb7e18e109f11678ced4ddb7b5
CONFIGURATION,SERVERBOUND,0x07,select_known_packs,net.minecraft.network.protocol.configuration.ServerboundSelectKnownPacks,net/minecraft/network/protocol/configuration/ServerboundSelectKnownPacks.java,55adfd080f7431bb39e1537867a1d40e33f3e944e3791a282e704c68630dbc6f
CONFIGURATION,SERVERBOUND,0x08,custom_click_action,net.minecraft.network.protocol.common.ServerboundCustomClickActionPacket,net/minecraft/network/protocol/common/ServerboundCustomClickActionPacket.java,b86fd3d9fdfd6b69c9a17c14f1c6761c7a398b01ef4090b7338211a66d4d082c
CONFIGURATION,SERVERBOUND,0x09,accept_code_of_conduct,net.minecraft.network.protocol.configuration.ServerboundAcceptCodeOfConductPacket,net/minecraft/network/protocol/configuration/ServerboundAcceptCodeOfConductPacket.java,0dbfc66f245a0e575ec479b946a8320f8ff199ce872d0bf0e2f5f846ca8a07a9
HANDSHAKE,SERVERBOUND,0x00,intention,net.minecraft.network.protocol.handshake.ClientIntentionPacket,net/minecraft/network/protocol/handshake/ClientIntentionPacket.java,145b4efbb40621f4f22defd84b4cef6fb8b0053a57d5951c6a51487dfd4de346
LOGIN,CLIENTBOUND,0x00,login_disconnect,net.minecraft.network.protocol.login.ClientboundLoginDisconnectPacket,net/minecraft/network/protocol/login/ClientboundLoginDisconnectPacket.java,c7f5f092c499b40f0bbae26e8afd759dcc8362da8e7d0bf900134d33dd6d149a
LOGIN,CLIENTBOUND,0x01,hello,net.minecraft.network.protocol.login.ClientboundHelloPacket,net/minecraft/network/protocol/login/ClientboundHelloPacket.java,11c255b24838e709e30c276de992d871ae272bfbefed2376f56c35f6fa9af4cb
LOGIN,CLIENTBOUND,0x02,login_finished,net.minecraft.network.protocol.login.ClientboundLoginFinishedPacket,net/minecraft/network/protocol/login/ClientboundLoginFinishedPacket.java,a8d1ee0da8c63411b5e9d8029e66f12ab2fd0b2f9dda0c90ad64c95b8be1a298
LOGIN,CLIENTBOUND,0x03,login_compression,net.minecraft.network.protocol.login.ClientboundLoginCompressionPacket,net/minecraft/network/protocol/login/ClientboundLoginCompressionPacket.java,b840ad67cc88786be416edb118c6d3a8a89b76cb8ff5d02d2dc296c2abcb2b6c
LOGIN,CLIENTBOUND,0x04,custom_query,net.minecraft.network.protocol.login.ClientboundCustomQueryPacket,net/minecraft/network/protocol/login/ClientboundCustomQueryPacket.java,c16c60b5df4794c7b67e244b5f288a53508495cd8bf35169b159c49f74180416
LOGIN,CLIENTBOUND,0x05,cookie_request,net.minecraft.network.protocol.cookie.ClientboundCookieRequestPacket,net/minecraft/network/protocol/cookie/ClientboundCookieRequestPacket.java,db0c2722964a189f691a5a3824c29dcee299da1fba6f361454b55ce8576c053d
LOGIN,SERVERBOUND,0x00,hello,net.minecraft.network.protocol.login.ServerboundHelloPacket,net/minecraft/network/protocol/login/ServerboundHelloPacket.java,6c7f0bc8718fafb0228c684a343eb14af95eb7538264febe1730bb21ff6db97f
LOGIN,SERVERBOUND,0x01,key,net.minecraft.network.protocol.login.ServerboundKeyPacket,net/minecraft/network/protocol/login/ServerboundKeyPacket.java,e3a8808cb162dba2303f1420f6f3ac1157a431245521d8abd9a2ae8ab6da3183
LOGIN,SERVERBOUND,0x02,custom_query_answer,net.minecraft.network.protocol.login.ServerboundCustomQueryAnswerPacket,net/minecraft/network/protocol/login/ServerboundCustomQueryAnswerPacket.java,3f96fbb62266c37c097803d15d2b3f77bb86fa3d75a38623491a400eca9cee37
LOGIN,SERVERBOUND,0x03,login_acknowledged,net.minecraft.network.protocol.login.ServerboundLoginAcknowledgedPacket,net/minecraft/network/protocol/login/ServerboundLoginAcknowledgedPacket.java,d11fb1b779cd970b17116df9865ec233bb1d3da54c0d53a7b8c8029f9d5d40c4
LOGIN,SERVERBOUND,0x04,cookie_response,net.minecraft.network.protocol.cookie.ServerboundCookieResponsePacket,net/minecraft/network/protocol/cookie/ServerboundCookieResponsePacket.java,37034a5bdd1ecc508783dc2b41bd49a93a7fd86037a35d7fe34fdf5a85a59d44
PLAY,CLIENTBOUND,0x00,bundle_delimiter,net.minecraft.network.protocol.game.ClientboundBundleDelimiterPacket,net/minecraft/network/protocol/game/ClientboundBundleDelimiterPacket.java,c8834eb71d24ed8d0d2bfe63fd8794028805e410e25dbfc1ecabafea4268b2a1
PLAY,CLIENTBOUND,0x01,add_entity,net.minecraft.network.protocol.game.ClientboundAddEntityPacket,net/minecraft/network/protocol/game/ClientboundAddEntityPacket.java,d32fb1a3cf07acf6752ab08b235be5c8a1a8cde84c1bcaa737e3585ffffb1238
PLAY,CLIENTBOUND,0x02,animate,net.minecraft.network.protocol.game.ClientboundAnimatePacket,net/minecraft/network/protocol/game/ClientboundAnimatePacket.java,c760bc0341d156a5590da1f502feab94a36978471305600c8cb51df04ab67cc1
PLAY,CLIENTBOUND,0x03,award_stats,net.minecraft.network.protocol.game.ClientboundAwardStatsPacket,net/minecraft/network/protocol/game/ClientboundAwardStatsPacket.java,b13c4efa78e06ab37f91b055529666bc4565a158a939a7d83e3c94677a8f1d97
PLAY,CLIENTBOUND,0x04,block_changed_ack,net.minecraft.network.protocol.game.ClientboundBlockChangedAckPacket,net/minecraft/network/protocol/game/ClientboundBlockChangedAckPacket.java,45eed285f225e7de68fe0efc1c63663fff5b600b242c976ad649f0925bd2a973
PLAY,CLIENTBOUND,0x05,block_destruction,net.minecraft.network.protocol.game.ClientboundBlockDestructionPacket,net/minecraft/network/protocol/game/ClientboundBlockDestructionPacket.java,7e30d8e13f8bf133ecc8ac20de42f302bdf9bdb4bcd65be82f83a471623564f9
PLAY,CLIENTBOUND,0x06,block_entity_data,net.minecraft.network.protocol.game.ClientboundBlockEntityDataPacket,net/minecraft/network/protocol/game/ClientboundBlockEntityDataPacket.java,543a2383e2030c3c54b66cf615512968c730429f653077e16a98b5da057a8ef3
PLAY,CLIENTBOUND,0x07,block_event,net.minecraft.network.protocol.game.ClientboundBlockEventPacket,net/minecraft/network/protocol/game/ClientboundBlockEventPacket.java,0535a6fc2e18b4d88d50925ccedc6ec930ce5b39a4de7a5625053dfab4ed9d27
PLAY,CLIENTBOUND,0x08,block_update,net.minecraft.network.protocol.game.ClientboundBlockUpdatePacket,net/minecraft/network/protocol/game/ClientboundBlockUpdatePacket.java,9aa10033ee5c7def2d37ed9fcfc3aa1db464c255183dd7e4509934e03d566d18
PLAY,CLIENTBOUND,0x09,boss_event,net.minecraft.network.protocol.game.ClientboundBossEventPacket,net/minecraft/network/protocol/game/ClientboundBossEventPacket.java,8f05fc0ffdce4e6e3fe845da992858f2257d8ecfcf9ac78bddcdb7de0b82a6ab
PLAY,CLIENTBOUND,0x0A,change_difficulty,net.minecraft.network.protocol.game.ClientboundChangeDifficultyPacket,net/minecraft/network/protocol/game/ClientboundChangeDifficultyPacket.java,892bfab6529c2b0603994d847bd29d877f8740f44d261891e213ea95c2f0682a
PLAY,CLIENTBOUND,0x0B,chunk_batch_finished,net.minecraft.network.protocol.game.ClientboundChunkBatchFinishedPacket,net/minecraft/network/protocol/game/ClientboundChunkBatchFinishedPacket.java,cbfd70c33e1b51bc96a648c528937be3fcee4f2045f0b803c05df3d0bd61ea13
PLAY,CLIENTBOUND,0x0C,chunk_batch_start,net.minecraft.network.protocol.game.ClientboundChunkBatchStartPacket,net/minecraft/network/protocol/game/ClientboundChunkBatchStartPacket.java,741a6d43a1ef6687791492a69f3db74434ac2d3bee80e203037e165d24f74d1b
PLAY,CLIENTBOUND,0x0D,chunks_biomes,net.minecraft.network.protocol.game.ClientboundChunksBiomesPacket,net/minecraft/network/protocol/game/ClientboundChunksBiomesPacket.java,303aabee661d30db7626ca36f9144a042dcc4567e7f018ee9e77366c7b1a8a35
PLAY,CLIENTBOUND,0x0E,clear_titles,net.minecraft.network.protocol.game.ClientboundClearTitlesPacket,net/minecraft/network/protocol/game/ClientboundClearTitlesPacket.java,43cd2c1fdae750367fbdbf901db1ed89c399c1ca642390e903da08c18b12ebe2
PLAY,CLIENTBOUND,0x0F,command_suggestions,net.minecraft.network.protocol.game.ClientboundCommandSuggestionsPacket,net/minecraft/network/protocol/game/ClientboundCommandSuggestionsPacket.java,7c8cd74402a902ef8d4b9145190ef7bea4fd24d3151206938351748e49823df8
PLAY,CLIENTBOUND,0x10,commands,net.minecraft.network.protocol.game.ClientboundCommandsPacket,net/minecraft/network/protocol/game/ClientboundCommandsPacket.java,61ee080bc13aa628ffd818379bea05fd6fa1091834d28f00ca9cc8f62526931d
PLAY,CLIENTBOUND,0x11,container_close,net.minecraft.network.protocol.game.ClientboundContainerClosePacket,net/minecraft/network/protocol/game/ClientboundContainerClosePacket.java,2048daf561c893de33cbf3f6198d016c0327014cb6a29a7d1e0e3217e9d38439
PLAY,CLIENTBOUND,0x12,container_set_content,net.minecraft.network.protocol.game.ClientboundContainerSetContentPacket,net/minecraft/network/protocol/game/ClientboundContainerSetContentPacket.java,d9a05d35d8e6965cb01ddfdeff9c4489eab9202de058b50ef34fbe47bc198571
PLAY,CLIENTBOUND,0x13,container_set_data,net.minecraft.network.protocol.game.ClientboundContainerSetDataPacket,net/minecraft/network/protocol/game/ClientboundContainerSetDataPacket.java,fd520b28c9efdeb31b26f8f044c2abe29a837240a25c63a8b8197e01000217f9
PLAY,CLIENTBOUND,0x14,container_set_slot,net.minecraft.network.protocol.game.ClientboundContainerSetSlotPacket,net/minecraft/network/protocol/game/ClientboundContainerSetSlotPacket.java,bd436fa69cd84429d6f4f06996ac324c6f813adde4442446b71843d6872137e3
PLAY,CLIENTBOUND,0x15,cookie_request,net.minecraft.network.protocol.cookie.ClientboundCookieRequestPacket,net/minecraft/network/protocol/cookie/ClientboundCookieRequestPacket.java,db0c2722964a189f691a5a3824c29dcee299da1fba6f361454b55ce8576c053d
PLAY,CLIENTBOUND,0x16,cooldown,net.minecraft.network.protocol.game.ClientboundCooldownPacket,net/minecraft/network/protocol/game/ClientboundCooldownPacket.java,d6de87adcc6618e38f25535a2170a7b92d101e237532fb777e021af7d11206c0
PLAY,CLIENTBOUND,0x17,custom_chat_completions,net.minecraft.network.protocol.game.ClientboundCustomChatCompletionsPacket,net/minecraft/network/protocol/game/ClientboundCustomChatCompletionsPacket.java,8d20719f3f5ec309931e4d410a8281629dc09e6f151df1384a6409d4f4d18b24
PLAY,CLIENTBOUND,0x18,custom_payload,net.minecraft.network.protocol.common.ClientboundCustomPayloadPacket,net/minecraft/network/protocol/common/ClientboundCustomPayloadPacket.java,1a973d2cfe37a2749d5262d4b4cf8d95e165bf1e5b141e68d5e8e2a458233c7f
PLAY,CLIENTBOUND,0x19,damage_event,net.minecraft.network.protocol.game.ClientboundDamageEventPacket,net/minecraft/network/protocol/game/ClientboundDamageEventPacket.java,476aab5697d87a1c6dd0589048afeaa688a5bf07a5bf572403a90ff240ca7d91
PLAY,CLIENTBOUND,0x1A,debug/block_value,net.minecraft.network.protocol.game.ClientboundDebugBlockValuePacket,net/minecraft/network/protocol/game/ClientboundDebugBlockValuePacket.java,b8d66de16ba4e1e90a9054ce653c41ee39c1f0d5293532c70e48cf9d26ebc181
PLAY,CLIENTBOUND,0x1B,debug/chunk_value,net.minecraft.network.protocol.game.ClientboundDebugChunkValuePacket,net/minecraft/network/protocol/game/ClientboundDebugChunkValuePacket.java,a967e0014b7c5e0e6f9d531a7e9f2ed1edea6f36ca92563d533a09356e50661e
PLAY,CLIENTBOUND,0x1C,debug/entity_value,net.minecraft.network.protocol.game.ClientboundDebugEntityValuePacket,net/minecraft/network/protocol/game/ClientboundDebugEntityValuePacket.java,0545642fffdc927586883570b618a05600befe6a9ed1a7f0a27dfeb8e5d333b6
PLAY,CLIENTBOUND,0x1D,debug/event,net.minecraft.network.protocol.game.ClientboundDebugEventPacket,net/minecraft/network/protocol/game/ClientboundDebugEventPacket.java,5a9906bc1be7eecb64817d47de84cdeea1affd76257ee702e3347dc9dac5efbf
PLAY,CLIENTBOUND,0x1E,debug_sample,net.minecraft.network.protocol.game.ClientboundDebugSamplePacket,net/minecraft/network/protocol/game/ClientboundDebugSamplePacket.java,028a098e07e4d47f8774179e5e4b4e987541b56a351684f8c23929e8b07efb84
PLAY,CLIENTBOUND,0x1F,delete_chat,net.minecraft.network.protocol.game.ClientboundDeleteChatPacket,net/minecraft/network/protocol/game/ClientboundDeleteChatPacket.java,bf64f6ec0fb3399ba57395ff769f261e86dee028d11ecbb54631f5c1992305ad
PLAY,CLIENTBOUND,0x20,disconnect,net.minecraft.network.protocol.common.ClientboundDisconnectPacket,net/minecraft/network/protocol/common/ClientboundDisconnectPacket.java,f1c2c5dd882a37e2cf2b79de01e17670ff0852da8a08c1f12bf9129734623cff
PLAY,CLIENTBOUND,0x21,disguised_chat,net.minecraft.network.protocol.game.ClientboundDisguisedChatPacket,net/minecraft/network/protocol/game/ClientboundDisguisedChatPacket.java,c56835d603a02203a8e5228833901d73f21daa1497d271abd7b641317afb806c
PLAY,CLIENTBOUND,0x22,entity_event,net.minecraft.network.protocol.game.ClientboundEntityEventPacket,net/minecraft/network/protocol/game/ClientboundEntityEventPacket.java,1aef3640935b227abc2f5aba7c47c8db9d4b0012a6ce845de1673aaaf2421720
PLAY,CLIENTBOUND,0x23,entity_position_sync,net.minecraft.network.protocol.game.ClientboundEntityPositionSyncPacket,net/minecraft/network/protocol/game/ClientboundEntityPositionSyncPacket.java,9948ded555006c334676ebeba5ad76491879b1a228359c8acbd15a445ecd3dff
PLAY,CLIENTBOUND,0x24,explode,net.minecraft.network.protocol.game.ClientboundExplodePacket,net/minecraft/network/protocol/game/ClientboundExplodePacket.java,f6cf2c6b40a8c146040f1800d9805feafddbb8afd768f3bb1b64ad2065f56b73
PLAY,CLIENTBOUND,0x25,forget_level_chunk,net.minecraft.network.protocol.game.ClientboundForgetLevelChunkPacket,net/minecraft/network/protocol/game/ClientboundForgetLevelChunkPacket.java,b91ef46a6dbc63369ff05e9c88885e9a54356880f121191684217cc4e3e241e7
PLAY,CLIENTBOUND,0x26,game_event,net.minecraft.network.protocol.game.ClientboundGameEventPacket,net/minecraft/network/protocol/game/ClientboundGameEventPacket.java,ab6e7002be75aaf9f060baf5020e7ca45d7967f37fd855d059aa3033d6495d53
PLAY,CLIENTBOUND,0x27,game_rule_values,net.minecraft.network.protocol.game.ClientboundGameRuleValuesPacket,net/minecraft/network/protocol/game/ClientboundGameRuleValuesPacket.java,b2284d2149d9c1521c080fc6e83aeffa48c7b9ee7ce0e7c73b2f88e74ffb3f4c
PLAY,CLIENTBOUND,0x28,game_test_highlight_pos,net.minecraft.network.protocol.game.ClientboundGameTestHighlightPosPacket,net/minecraft/network/protocol/game/ClientboundGameTestHighlightPosPacket.java,edb072a7b1275d4bf61a31b786f50a88362fdbb2d675974607a0994786664a82
PLAY,CLIENTBOUND,0x29,mount_screen_open,net.minecraft.network.protocol.game.ClientboundMountScreenOpenPacket,net/minecraft/network/protocol/game/ClientboundMountScreenOpenPacket.java,f660edf4d31f19e8c410e4f8ab0369735400bfe1f3b2d54d6d99fec01bcde99a
PLAY,CLIENTBOUND,0x2A,hurt_animation,net.minecraft.network.protocol.game.ClientboundHurtAnimationPacket,net/minecraft/network/protocol/game/ClientboundHurtAnimationPacket.java,df1422942fb2a33b698d7c16fc2f06738a6ad262770053a921cf56f561b74568
PLAY,CLIENTBOUND,0x2B,initialize_border,net.minecraft.network.protocol.game.ClientboundInitializeBorderPacket,net/minecraft/network/protocol/game/ClientboundInitializeBorderPacket.java,1b4bc325db30b17594cc5bcadd8f5e7cd6233b9a14de56d672caa4d06842fa15
PLAY,CLIENTBOUND,0x2C,keep_alive,net.minecraft.network.protocol.common.ClientboundKeepAlivePacket,net/minecraft/network/protocol/common/ClientboundKeepAlivePacket.java,6aef6fbe665d4a0153235039684e46f87f7079bac863076aa62f01e28ee24973
PLAY,CLIENTBOUND,0x2D,level_chunk_with_light,net.minecraft.network.protocol.game.ClientboundLevelChunkWithLightPacket,net/minecraft/network/protocol/game/ClientboundLevelChunkWithLightPacket.java,853a2e7f16f2291337301ef702dbcdb0ed8dec0b37e186dac035aa1f421237c0
PLAY,CLIENTBOUND,0x2E,level_event,net.minecraft.network.protocol.game.ClientboundLevelEventPacket,net/minecraft/network/protocol/game/ClientboundLevelEventPacket.java,b2998e5b9c5bbbc6b73d6feba8817af999813b2fa310b6f13f9cc80a9d656035
PLAY,CLIENTBOUND,0x2F,level_particles,net.minecraft.network.protocol.game.ClientboundLevelParticlesPacket,net/minecraft/network/protocol/game/ClientboundLevelParticlesPacket.java,fb69ac3ee5c2df3d01e8b6afc8f8bac357dbecfc62c99ea9d9bfdfaaf12b5d31
PLAY,CLIENTBOUND,0x30,light_update,net.minecraft.network.protocol.game.ClientboundLightUpdatePacket,net/minecraft/network/protocol/game/ClientboundLightUpdatePacket.java,298dae7250e5ffc443f6894280f8f158c5a39d4a103386481b9a637226514c5e
PLAY,CLIENTBOUND,0x31,login,net.minecraft.network.protocol.game.ClientboundLoginPacket,net/minecraft/network/protocol/game/ClientboundLoginPacket.java,8a9ada8589236b4c86b4cd67af29add8a68981edac03f17a3c7d690e4c16a820
PLAY,CLIENTBOUND,0x32,low_disk_space_warning,net.minecraft.network.protocol.game.ClientboundLowDiskSpaceWarningPacket,net/minecraft/network/protocol/game/ClientboundLowDiskSpaceWarningPacket.java,4d24221d47132af5c146e224fa7953b8c6cb66f09e2d46b2877adcac1c158ad9
PLAY,CLIENTBOUND,0x33,map_item_data,net.minecraft.network.protocol.game.ClientboundMapItemDataPacket,net/minecraft/network/protocol/game/ClientboundMapItemDataPacket.java,75aecc40047e0e4fd4cebda070da90c6852889258f3652eb06d08817da18b7c9
PLAY,CLIENTBOUND,0x34,merchant_offers,net.minecraft.network.protocol.game.ClientboundMerchantOffersPacket,net/minecraft/network/protocol/game/ClientboundMerchantOffersPacket.java,51a0d5227615bb237acedfad40a1bc8418e25adc6f010ea61848442eaa76e86c
PLAY,CLIENTBOUND,0x35,move_entity_pos,net.minecraft.network.protocol.game.ClientboundMoveEntityPacket.Pos,net/minecraft/network/protocol/game/ClientboundMoveEntityPacket.java,b03c3b38cbc72d36dc1cee5fa3496f378bca276eea55332cce7de579c20d17af
PLAY,CLIENTBOUND,0x36,move_entity_pos_rot,net.minecraft.network.protocol.game.ClientboundMoveEntityPacket.PosRot,net/minecraft/network/protocol/game/ClientboundMoveEntityPacket.java,b03c3b38cbc72d36dc1cee5fa3496f378bca276eea55332cce7de579c20d17af
PLAY,CLIENTBOUND,0x37,move_minecart_along_track,net.minecraft.network.protocol.game.ClientboundMoveMinecartPacket,net/minecraft/network/protocol/game/ClientboundMoveMinecartPacket.java,a931072be15e588be1cc835049a5b7c40daa60950738dd30d265442d1d5ee1ab
PLAY,CLIENTBOUND,0x38,move_entity_rot,net.minecraft.network.protocol.game.ClientboundMoveEntityPacket.Rot,net/minecraft/network/protocol/game/ClientboundMoveEntityPacket.java,b03c3b38cbc72d36dc1cee5fa3496f378bca276eea55332cce7de579c20d17af
PLAY,CLIENTBOUND,0x39,move_vehicle,net.minecraft.network.protocol.game.ClientboundMoveVehiclePacket,net/minecraft/network/protocol/game/ClientboundMoveVehiclePacket.java,211b0f8bca21f6e605a16d792faf0731e655a3d222338cfff42056509adbd257
PLAY,CLIENTBOUND,0x3A,open_book,net.minecraft.network.protocol.game.ClientboundOpenBookPacket,net/minecraft/network/protocol/game/ClientboundOpenBookPacket.java,0e38c862561a7f805b674620ee2c52cc869d6f8b8e709a0a5233248d3eb509b4
PLAY,CLIENTBOUND,0x3B,open_screen,net.minecraft.network.protocol.game.ClientboundOpenScreenPacket,net/minecraft/network/protocol/game/ClientboundOpenScreenPacket.java,671d1483e70e4a1a405b0d06a24e6abb71c1006d6611f7646ee990712526a1e3
PLAY,CLIENTBOUND,0x3C,open_sign_editor,net.minecraft.network.protocol.game.ClientboundOpenSignEditorPacket,net/minecraft/network/protocol/game/ClientboundOpenSignEditorPacket.java,940a379ff3a2e8d877a3486d0e3afe28a9dc879a2b1b424ee455279c82ac6f3f
PLAY,CLIENTBOUND,0x3D,ping,net.minecraft.network.protocol.common.ClientboundPingPacket,net/minecraft/network/protocol/common/ClientboundPingPacket.java,0bf558795f1c0ea0d6bbb1a13d3fe7a8ede015a84945075e3ca4928f7647bd6a
PLAY,CLIENTBOUND,0x3E,pong_response,net.minecraft.network.protocol.ping.ClientboundPongResponsePacket,net/minecraft/network/protocol/ping/ClientboundPongResponsePacket.java,fa9b71a0773027ce475f85b450d8554a2ba41a21481bbb2c4803c37df0f1cb15
PLAY,CLIENTBOUND,0x3F,place_ghost_recipe,net.minecraft.network.protocol.game.ClientboundPlaceGhostRecipePacket,net/minecraft/network/protocol/game/ClientboundPlaceGhostRecipePacket.java,e82c869c710232e88354fa37668106d886c715203ffcb01e77b1367002193509
PLAY,CLIENTBOUND,0x40,player_abilities,net.minecraft.network.protocol.game.ClientboundPlayerAbilitiesPacket,net/minecraft/network/protocol/game/ClientboundPlayerAbilitiesPacket.java,02c1189d030c025ccd08fd3522a469e49d74ec5d9225cf67dfc0322513e4af6f
PLAY,CLIENTBOUND,0x41,player_chat,net.minecraft.network.protocol.game.ClientboundPlayerChatPacket,net/minecraft/network/protocol/game/ClientboundPlayerChatPacket.java,3d763c56eddc6489efa61460ee35945f3590e927e5498b309c8673c52e5fc4e0
PLAY,CLIENTBOUND,0x42,player_combat_end,net.minecraft.network.protocol.game.ClientboundPlayerCombatEndPacket,net/minecraft/network/protocol/game/ClientboundPlayerCombatEndPacket.java,160ec8a952258dfa19d7abaaed5a03fc582009f68764116bb408930d2ccbba47
PLAY,CLIENTBOUND,0x43,player_combat_enter,net.minecraft.network.protocol.game.ClientboundPlayerCombatEnterPacket,net/minecraft/network/protocol/game/ClientboundPlayerCombatEnterPacket.java,a00c22edd1bca02c83e561e2f7cd6ff3101d5a43fd2a22f0d74ff18889f57c05
PLAY,CLIENTBOUND,0x44,player_combat_kill,net.minecraft.network.protocol.game.ClientboundPlayerCombatKillPacket,net/minecraft/network/protocol/game/ClientboundPlayerCombatKillPacket.java,56eddafb079ee304bae9e412e0198f2ebe225a3832286f8abf3b578d84659b24
PLAY,CLIENTBOUND,0x45,player_info_remove,net.minecraft.network.protocol.game.ClientboundPlayerInfoRemovePacket,net/minecraft/network/protocol/game/ClientboundPlayerInfoRemovePacket.java,fdc1a4c56d8821403b332c374e1c3660a7c8e926ef2d003f065bfb9cfd34355f
PLAY,CLIENTBOUND,0x46,player_info_update,net.minecraft.network.protocol.game.ClientboundPlayerInfoUpdatePacket,net/minecraft/network/protocol/game/ClientboundPlayerInfoUpdatePacket.java,52d4503ae5324a9117085614c5a9e1b353425122315b5063f7566ce2dc4dcff9
PLAY,CLIENTBOUND,0x47,player_look_at,net.minecraft.network.protocol.game.ClientboundPlayerLookAtPacket,net/minecraft/network/protocol/game/ClientboundPlayerLookAtPacket.java,560ffd4432f7330f3ef1654d9dff434c3212a8d9c882b4b202d0f4cc36358e91
PLAY,CLIENTBOUND,0x48,player_position,net.minecraft.network.protocol.game.ClientboundPlayerPositionPacket,net/minecraft/network/protocol/game/ClientboundPlayerPositionPacket.java,03f745c2043508eb95da0ebc688e795e1df48df09fcb067bb39047214e06fd28
PLAY,CLIENTBOUND,0x49,player_rotation,net.minecraft.network.protocol.game.ClientboundPlayerRotationPacket,net/minecraft/network/protocol/game/ClientboundPlayerRotationPacket.java,725c80ba9b288c19dd53d33a2f40fdf58ea2e901678b1ef4ea725b821868b84c
PLAY,CLIENTBOUND,0x4A,recipe_book_add,net.minecraft.network.protocol.game.ClientboundRecipeBookAddPacket,net/minecraft/network/protocol/game/ClientboundRecipeBookAddPacket.java,50249f299e97cd89fe93b6a93bba09b1841d42fc2ce2923bd4e5f7617119727e
PLAY,CLIENTBOUND,0x4B,recipe_book_remove,net.minecraft.network.protocol.game.ClientboundRecipeBookRemovePacket,net/minecraft/network/protocol/game/ClientboundRecipeBookRemovePacket.java,d64fa06d57e6b8aeac7223dd1459b1c6f09a1dc13d4542fc8375bc37480fd90a
PLAY,CLIENTBOUND,0x4C,recipe_book_settings,net.minecraft.network.protocol.game.ClientboundRecipeBookSettingsPacket,net/minecraft/network/protocol/game/ClientboundRecipeBookSettingsPacket.java,820299978d005ad44561b3de8825ca94ef5b6496b4c77895c947d52193a62c62
PLAY,CLIENTBOUND,0x4D,remove_entities,net.minecraft.network.protocol.game.ClientboundRemoveEntitiesPacket,net/minecraft/network/protocol/game/ClientboundRemoveEntitiesPacket.java,893bef896f74523b0e4389c6076732b30a933d57a4f80e4b308b0b6131ebd6b4
PLAY,CLIENTBOUND,0x4E,remove_mob_effect,net.minecraft.network.protocol.game.ClientboundRemoveMobEffectPacket,net/minecraft/network/protocol/game/ClientboundRemoveMobEffectPacket.java,a40b4fc4e901c915408bbec837ce26b486a7de41db2c00aa12885732d49edea8
PLAY,CLIENTBOUND,0x4F,reset_score,net.minecraft.network.protocol.game.ClientboundResetScorePacket,net/minecraft/network/protocol/game/ClientboundResetScorePacket.java,2c0b349cdb409f12f0679f3e2027209960d63397e40ce0943201640ecb0571f0
PLAY,CLIENTBOUND,0x50,resource_pack_pop,net.minecraft.network.protocol.common.ClientboundResourcePackPopPacket,net/minecraft/network/protocol/common/ClientboundResourcePackPopPacket.java,9216ef17435212c1d379a3bd4dc71bff87d4ec177cfdf4b8b7c95e48815c3d2b
PLAY,CLIENTBOUND,0x51,resource_pack_push,net.minecraft.network.protocol.common.ClientboundResourcePackPushPacket,net/minecraft/network/protocol/common/ClientboundResourcePackPushPacket.java,0881f7f4415e3716055a0d39a7d019735313407d12bf7fe0eabef903e2bc93cd
PLAY,CLIENTBOUND,0x52,respawn,net.minecraft.network.protocol.game.ClientboundRespawnPacket,net/minecraft/network/protocol/game/ClientboundRespawnPacket.java,6ec5424fbf5c2fa6d7a2b334d58c00db32b5f1b36e83991f65312cb7185776e0
PLAY,CLIENTBOUND,0x53,rotate_head,net.minecraft.network.protocol.game.ClientboundRotateHeadPacket,net/minecraft/network/protocol/game/ClientboundRotateHeadPacket.java,d9fae5803283dc6310fa63f95870a495912eba2810b18d4fb3469bf5edc64356
PLAY,CLIENTBOUND,0x54,section_blocks_update,net.minecraft.network.protocol.game.ClientboundSectionBlocksUpdatePacket,net/minecraft/network/protocol/game/ClientboundSectionBlocksUpdatePacket.java,e3e1686433f3937e2ced6fe14c9c3abd0f1055e2ca79879e40ed9105bd365ffb
PLAY,CLIENTBOUND,0x55,select_advancements_tab,net.minecraft.network.protocol.game.ClientboundSelectAdvancementsTabPacket,net/minecraft/network/protocol/game/ClientboundSelectAdvancementsTabPacket.java,979598f9ac4762b05ec3cb9d06c018c24359f2fe7033659769892117fa20fb44
PLAY,CLIENTBOUND,0x56,server_data,net.minecraft.network.protocol.game.ClientboundServerDataPacket,net/minecraft/network/protocol/game/ClientboundServerDataPacket.java,939b85161b648a68e3c497be96cdedfdf0098c26591b9b6eb5df1948cc49c27e
PLAY,CLIENTBOUND,0x57,set_action_bar_text,net.minecraft.network.protocol.game.ClientboundSetActionBarTextPacket,net/minecraft/network/protocol/game/ClientboundSetActionBarTextPacket.java,8eb54c932a993ba423a65f9a77d513b55b400778ad392fccf97355998bed49b6
PLAY,CLIENTBOUND,0x58,set_border_center,net.minecraft.network.protocol.game.ClientboundSetBorderCenterPacket,net/minecraft/network/protocol/game/ClientboundSetBorderCenterPacket.java,b2af1dfd62626e686ebe308440eaeca9738f846b6e95b80f3b78789bc4c1f6be
PLAY,CLIENTBOUND,0x59,set_border_lerp_size,net.minecraft.network.protocol.game.ClientboundSetBorderLerpSizePacket,net/minecraft/network/protocol/game/ClientboundSetBorderLerpSizePacket.java,d5f03af830d31ae71c2c97f7ab62721a23bd86d708ad0872114bc2680a05c14e
PLAY,CLIENTBOUND,0x5A,set_border_size,net.minecraft.network.protocol.game.ClientboundSetBorderSizePacket,net/minecraft/network/protocol/game/ClientboundSetBorderSizePacket.java,319184ceb5ce3e5707552aa31413850ba95f3d19b96e1ef860008f79b767ade4
PLAY,CLIENTBOUND,0x5B,set_border_warning_delay,net.minecraft.network.protocol.game.ClientboundSetBorderWarningDelayPacket,net/minecraft/network/protocol/game/ClientboundSetBorderWarningDelayPacket.java,14c8fca73ccc29682c451408f77b0b592435e411af73ea2b7228a733e5d15669
PLAY,CLIENTBOUND,0x5C,set_border_warning_distance,net.minecraft.network.protocol.game.ClientboundSetBorderWarningDistancePacket,net/minecraft/network/protocol/game/ClientboundSetBorderWarningDistancePacket.java,34e442810047f486cc16e8de2ac57921e37f740b879e728b95ee590a65673372
PLAY,CLIENTBOUND,0x5D,set_camera,net.minecraft.network.protocol.game.ClientboundSetCameraPacket,net/minecraft/network/protocol/game/ClientboundSetCameraPacket.java,f58a9f932ba8c4ebb54fed2385fb03ddcef41a81013372ab3cb984097b29267c
PLAY,CLIENTBOUND,0x5E,set_chunk_cache_center,net.minecraft.network.protocol.game.ClientboundSetChunkCacheCenterPacket,net/minecraft/network/protocol/game/ClientboundSetChunkCacheCenterPacket.java,02f1d994ad9380df652015881785f9aa6fb846ecaf1a58d08ce71b96de10ce49
PLAY,CLIENTBOUND,0x5F,set_chunk_cache_radius,net.minecraft.network.protocol.game.ClientboundSetChunkCacheRadiusPacket,net/minecraft/network/protocol/game/ClientboundSetChunkCacheRadiusPacket.java,be9381cc233cd041420516278383e36e7d09b71acd649966987a86954ce10674
PLAY,CLIENTBOUND,0x60,set_cursor_item,net.minecraft.network.protocol.game.ClientboundSetCursorItemPacket,net/minecraft/network/protocol/game/ClientboundSetCursorItemPacket.java,343057a06047eda735a15aebec2ceec1368356cefaa3321fbdb9589956351bcf
PLAY,CLIENTBOUND,0x61,set_default_spawn_position,net.minecraft.network.protocol.game.ClientboundSetDefaultSpawnPositionPacket,net/minecraft/network/protocol/game/ClientboundSetDefaultSpawnPositionPacket.java,f73bf95978754e4b4f1fbd0df77f2db0e98ff79de063413c102595f13f171bf8
PLAY,CLIENTBOUND,0x62,set_display_objective,net.minecraft.network.protocol.game.ClientboundSetDisplayObjectivePacket,net/minecraft/network/protocol/game/ClientboundSetDisplayObjectivePacket.java,235ada77ff063b7b2e5b9d685c695136674be20f069fc03a1bfcbb908bf8b5a3
PLAY,CLIENTBOUND,0x63,set_entity_data,net.minecraft.network.protocol.game.ClientboundSetEntityDataPacket,net/minecraft/network/protocol/game/ClientboundSetEntityDataPacket.java,80c0249728248f62e3c1bf97b6c77c257147514e81812985e4231a70f0c8f3f1
PLAY,CLIENTBOUND,0x64,set_entity_link,net.minecraft.network.protocol.game.ClientboundSetEntityLinkPacket,net/minecraft/network/protocol/game/ClientboundSetEntityLinkPacket.java,b4ae03cdadc201c537c0e2f2a3863bcbf4a21d78d2909916ae697102166b8cf7
PLAY,CLIENTBOUND,0x65,set_entity_motion,net.minecraft.network.protocol.game.ClientboundSetEntityMotionPacket,net/minecraft/network/protocol/game/ClientboundSetEntityMotionPacket.java,f0cd17ccf1af750ebd109a6e026c046ed32817442ddaae9972fcec3ec590763e
PLAY,CLIENTBOUND,0x66,set_equipment,net.minecraft.network.protocol.game.ClientboundSetEquipmentPacket,net/minecraft/network/protocol/game/ClientboundSetEquipmentPacket.java,7742f8ff90980677ed14b3b8441ebc7dc671e9ab1ea801445973f10dc482f141
PLAY,CLIENTBOUND,0x67,set_experience,net.minecraft.network.protocol.game.ClientboundSetExperiencePacket,net/minecraft/network/protocol/game/ClientboundSetExperiencePacket.java,e120a9fb94d34958065d181f05ecc1d45859cf8de86093a6a4c196a0ee999edb
PLAY,CLIENTBOUND,0x68,set_health,net.minecraft.network.protocol.game.ClientboundSetHealthPacket,net/minecraft/network/protocol/game/ClientboundSetHealthPacket.java,ee3b3495cba1fe67cc48d28c2303c40fbc09e20face7a3fe36808fb41d5a3581
PLAY,CLIENTBOUND,0x69,set_held_slot,net.minecraft.network.protocol.game.ClientboundSetHeldSlotPacket,net/minecraft/network/protocol/game/ClientboundSetHeldSlotPacket.java,11d6990002e86507c175bd6f77b2f8c373c071d1bfc30e335266f04a720cbe5b
PLAY,CLIENTBOUND,0x6A,set_objective,net.minecraft.network.protocol.game.ClientboundSetObjectivePacket,net/minecraft/network/protocol/game/ClientboundSetObjectivePacket.java,b73231d9189cf13bf801b1b9d1e27ca31831da758206e7ba71627b048442ccf4
PLAY,CLIENTBOUND,0x6B,set_passengers,net.minecraft.network.protocol.game.ClientboundSetPassengersPacket,net/minecraft/network/protocol/game/ClientboundSetPassengersPacket.java,7375895c5dfcd39ff509cc5f9270a9c1d5f625490a5d81a9cfae0371757f5f79
PLAY,CLIENTBOUND,0x6C,set_player_inventory,net.minecraft.network.protocol.game.ClientboundSetPlayerInventoryPacket,net/minecraft/network/protocol/game/ClientboundSetPlayerInventoryPacket.java,682baa5d5d21ad3fc89684a03e2550d95c0f60e96127faa1a4cd06a251a84944
PLAY,CLIENTBOUND,0x6D,set_player_team,net.minecraft.network.protocol.game.ClientboundSetPlayerTeamPacket,net/minecraft/network/protocol/game/ClientboundSetPlayerTeamPacket.java,55bd4540565a7fe8287859bf9412ddc6e0f9842fa3ac59f90cb33e7f6a5836d0
PLAY,CLIENTBOUND,0x6E,set_score,net.minecraft.network.protocol.game.ClientboundSetScorePacket,net/minecraft/network/protocol/game/ClientboundSetScorePacket.java,bbd8fe154292b6ef7c632932adf2f7abfc0890de6653b63b27a79f86d765070e
PLAY,CLIENTBOUND,0x6F,set_simulation_distance,net.minecraft.network.protocol.game.ClientboundSetSimulationDistancePacket,net/minecraft/network/protocol/game/ClientboundSetSimulationDistancePacket.java,dcb835c09c8ec87c7fcc33afc37ed5d195c56540b3795d665c52ec6683592fa9
PLAY,CLIENTBOUND,0x70,set_subtitle_text,net.minecraft.network.protocol.game.ClientboundSetSubtitleTextPacket,net/minecraft/network/protocol/game/ClientboundSetSubtitleTextPacket.java,ae2919ddde7f7e7d5dbef87179f0162eb95b0f4ce3c2e80a8b8f21f6001eeb84
PLAY,CLIENTBOUND,0x71,set_time,net.minecraft.network.protocol.game.ClientboundSetTimePacket,net/minecraft/network/protocol/game/ClientboundSetTimePacket.java,4aa7ee0b8b9b677b799c4407d92ec5291076404ea3252f2a784735f4847bfaab
PLAY,CLIENTBOUND,0x72,set_title_text,net.minecraft.network.protocol.game.ClientboundSetTitleTextPacket,net/minecraft/network/protocol/game/ClientboundSetTitleTextPacket.java,2775eae9049272cf26e7021762363896631308c73ecdd8153bff8759f9470585
PLAY,CLIENTBOUND,0x73,set_titles_animation,net.minecraft.network.protocol.game.ClientboundSetTitlesAnimationPacket,net/minecraft/network/protocol/game/ClientboundSetTitlesAnimationPacket.java,35b0fe423cc62b6953b278497bcd3d2baa1394fa1ce3966ee925ea98070f910a
PLAY,CLIENTBOUND,0x74,sound_entity,net.minecraft.network.protocol.game.ClientboundSoundEntityPacket,net/minecraft/network/protocol/game/ClientboundSoundEntityPacket.java,4f68502eb087b62c2ed554cc239bc26d759894f462ea00e9de49f2b552489e65
PLAY,CLIENTBOUND,0x75,sound,net.minecraft.network.protocol.game.ClientboundSoundPacket,net/minecraft/network/protocol/game/ClientboundSoundPacket.java,f4e727a2f6b63aa4635a416fb47b13447489bd12593da2f33161a334b42208c5
PLAY,CLIENTBOUND,0x76,start_configuration,net.minecraft.network.protocol.game.ClientboundStartConfigurationPacket,net/minecraft/network/protocol/game/ClientboundStartConfigurationPacket.java,88de5055bf8986a3c32d0d58681d507348a3a108e137e22162ad900a10e953db
PLAY,CLIENTBOUND,0x77,stop_sound,net.minecraft.network.protocol.game.ClientboundStopSoundPacket,net/minecraft/network/protocol/game/ClientboundStopSoundPacket.java,78531557895ab7ebebe35ecc167a6215d313e532d25318f6d439655bc818cbf3
PLAY,CLIENTBOUND,0x78,store_cookie,net.minecraft.network.protocol.common.ClientboundStoreCookiePacket,net/minecraft/network/protocol/common/ClientboundStoreCookiePacket.java,2f30d780303964869a11250292e60e26d7cf57c4a1d99f3b69570176362ecb01
PLAY,CLIENTBOUND,0x79,system_chat,net.minecraft.network.protocol.game.ClientboundSystemChatPacket,net/minecraft/network/protocol/game/ClientboundSystemChatPacket.java,86d97b70b961d5e7a6f17d99593e3db1668e2a32764d99a72f298b8c67935912
PLAY,CLIENTBOUND,0x7A,tab_list,net.minecraft.network.protocol.game.ClientboundTabListPacket,net/minecraft/network/protocol/game/ClientboundTabListPacket.java,54c27baa0e35386700933e5ac6f2a92b76841e15874157709ad1b74e73d9c275
PLAY,CLIENTBOUND,0x7B,tag_query,net.minecraft.network.protocol.game.ClientboundTagQueryPacket,net/minecraft/network/protocol/game/ClientboundTagQueryPacket.java,416504eddd5df05b4eb506ce8f889ffa15c21f7f3a6deb593c4512acc7eef9bb
PLAY,CLIENTBOUND,0x7C,take_item_entity,net.minecraft.network.protocol.game.ClientboundTakeItemEntityPacket,net/minecraft/network/protocol/game/ClientboundTakeItemEntityPacket.java,62d785c35f3b2cb84dd43fdd7de2c72d31aa65105e41692ce04f40148cc27c6e
PLAY,CLIENTBOUND,0x7D,teleport_entity,net.minecraft.network.protocol.game.ClientboundTeleportEntityPacket,net/minecraft/network/protocol/game/ClientboundTeleportEntityPacket.java,b9e58ac34e2c5a3ad15f72f6ed506dd6a95e34201574bf1d7f818eaf1c73b738
PLAY,CLIENTBOUND,0x7E,test_instance_block_status,net.minecraft.network.protocol.game.ClientboundTestInstanceBlockStatus,net/minecraft/network/protocol/game/ClientboundTestInstanceBlockStatus.java,6ca3466feb86386d555229aaeb1710a2ba08a1fcd1498dac4f5f0a4984d4effb
PLAY,CLIENTBOUND,0x7F,ticking_state,net.minecraft.network.protocol.game.ClientboundTickingStatePacket,net/minecraft/network/protocol/game/ClientboundTickingStatePacket.java,2c9d38370d6495d1e7df1342d7ad7c2d61b8abfe6642f240106147747e17ce42
PLAY,CLIENTBOUND,0x80,ticking_step,net.minecraft.network.protocol.game.ClientboundTickingStepPacket,net/minecraft/network/protocol/game/ClientboundTickingStepPacket.java,a25a2d177441db3ccfb61ed9f8618d207b1f4b5e2f929c137801178e52a2efdb
PLAY,CLIENTBOUND,0x81,transfer,net.minecraft.network.protocol.common.ClientboundTransferPacket,net/minecraft/network/protocol/common/ClientboundTransferPacket.java,a6469a8b24124d6b6505a82468f9a41cea0a6f87cd41973e089cc10f11287510
PLAY,CLIENTBOUND,0x82,update_advancements,net.minecraft.network.protocol.game.ClientboundUpdateAdvancementsPacket,net/minecraft/network/protocol/game/ClientboundUpdateAdvancementsPacket.java,2e00fdb6e1d0bf6aa981cee322e3d840113430e9ed18c01546af8c04e7e9e5db
PLAY,CLIENTBOUND,0x83,update_attributes,net.minecraft.network.protocol.game.ClientboundUpdateAttributesPacket,net/minecraft/network/protocol/game/ClientboundUpdateAttributesPacket.java,c0d67aca439b20cbf0604e8fa6816385f14f46562cb458c660f3df4edbfd155f
PLAY,CLIENTBOUND,0x84,update_mob_effect,net.minecraft.network.protocol.game.ClientboundUpdateMobEffectPacket,net/minecraft/network/protocol/game/ClientboundUpdateMobEffectPacket.java,a038ecd827fe0c381c997f0fe2c6bed2f10bb5e31f1ea6d951bb9cc1cfd39f93
PLAY,CLIENTBOUND,0x85,update_recipes,net.minecraft.network.protocol.game.ClientboundUpdateRecipesPacket,net/minecraft/network/protocol/game/ClientboundUpdateRecipesPacket.java,640facad534c0328b6e519b386d2b8fe32bdb4e5a06614972dc11a05184d767a
PLAY,CLIENTBOUND,0x86,update_tags,net.minecraft.network.protocol.common.ClientboundUpdateTagsPacket,net/minecraft/network/protocol/common/ClientboundUpdateTagsPacket.java,3521b71b6a62b414b1d28abf628f9c22211d2ce86c2b79b461aa7b09b42aa43d
PLAY,CLIENTBOUND,0x87,projectile_power,net.minecraft.network.protocol.game.ClientboundProjectilePowerPacket,net/minecraft/network/protocol/game/ClientboundProjectilePowerPacket.java,4aedd88683df54234abd7a59d1abaef11ac40c718252c1d8fe05bed7ebd4a15c
PLAY,CLIENTBOUND,0x88,custom_report_details,net.minecraft.network.protocol.common.ClientboundCustomReportDetailsPacket,net/minecraft/network/protocol/common/ClientboundCustomReportDetailsPacket.java,b0070dd354b17a2df96901b57cf5bbbe647ba6b18100f60445df0bd021489c67
PLAY,CLIENTBOUND,0x89,server_links,net.minecraft.network.protocol.common.ClientboundServerLinksPacket,net/minecraft/network/protocol/common/ClientboundServerLinksPacket.java,b9e71b354d157406788a043390a9c997fe51531330861195469d04e92469cd8a
PLAY,CLIENTBOUND,0x8A,waypoint,net.minecraft.network.protocol.game.ClientboundTrackedWaypointPacket,net/minecraft/network/protocol/game/ClientboundTrackedWaypointPacket.java,a2f8502260a91c5f60b85f716d51ebae1aa6d343b12641aae1d5d76b4951a5d3
PLAY,CLIENTBOUND,0x8B,clear_dialog,net.minecraft.network.protocol.common.ClientboundClearDialogPacket,net/minecraft/network/protocol/common/ClientboundClearDialogPacket.java,95018b4c0ac6b0936fa72a4b11c2404329ba933cf109cc1438dc4f31d999111c
PLAY,CLIENTBOUND,0x8C,show_dialog,net.minecraft.network.protocol.common.ClientboundShowDialogPacket,net/minecraft/network/protocol/common/ClientboundShowDialogPacket.java,191ca4e2fd7085403d85e31c64cf95424881e5620594c21c518e70c5804b0ab5
PLAY,SERVERBOUND,0x00,accept_teleportation,net.minecraft.network.protocol.game.ServerboundAcceptTeleportationPacket,net/minecraft/network/protocol/game/ServerboundAcceptTeleportationPacket.java,4ee923df2b8c608f19f0f876ab3b4f9627f2c31dfad9d070c7cc52a4acca880c
PLAY,SERVERBOUND,0x01,attack,net.minecraft.network.protocol.game.ServerboundAttackPacket,net/minecraft/network/protocol/game/ServerboundAttackPacket.java,6a074f8533af9e798560de4846557248129de2cafd72e1a2d982f93bd5c464c6
PLAY,SERVERBOUND,0x02,block_entity_tag_query,net.minecraft.network.protocol.game.ServerboundBlockEntityTagQueryPacket,net/minecraft/network/protocol/game/ServerboundBlockEntityTagQueryPacket.java,30b21bf9ece1bf36a251823c3bb0d83348bc716047e866aa2fda70480bda8831
PLAY,SERVERBOUND,0x03,bundle_item_selected,net.minecraft.network.protocol.game.ServerboundSelectBundleItemPacket,net/minecraft/network/protocol/game/ServerboundSelectBundleItemPacket.java,0d6b1073c96320b0626c09c407e956e5e5ab7d7a6ce3e9f5593b35755c81cbb6
PLAY,SERVERBOUND,0x04,change_difficulty,net.minecraft.network.protocol.game.ServerboundChangeDifficultyPacket,net/minecraft/network/protocol/game/ServerboundChangeDifficultyPacket.java,0c59dbfca49129ca0c951e71e4e39b4034de39e632969bb75cac8a1d8868bf9e
PLAY,SERVERBOUND,0x05,change_game_mode,net.minecraft.network.protocol.game.ServerboundChangeGameModePacket,net/minecraft/network/protocol/game/ServerboundChangeGameModePacket.java,cae5dda96fde797bf2ae6c725cb04b24ec6d13f9d051fecabd89b104635f25c1
PLAY,SERVERBOUND,0x06,chat_ack,net.minecraft.network.protocol.game.ServerboundChatAckPacket,net/minecraft/network/protocol/game/ServerboundChatAckPacket.java,d74f184bd238896a81ebde4f6b7d754f00cc63e6f0d106003c33c64f84538c33
PLAY,SERVERBOUND,0x07,chat_command,net.minecraft.network.protocol.game.ServerboundChatCommandPacket,net/minecraft/network/protocol/game/ServerboundChatCommandPacket.java,ccbf2d62c146e365ffd9656815fc8c978450779809029b8da118b8dc3ff3b693
PLAY,SERVERBOUND,0x08,chat_command_signed,net.minecraft.network.protocol.game.ServerboundChatCommandSignedPacket,net/minecraft/network/protocol/game/ServerboundChatCommandSignedPacket.java,1d649de5d6dc58961c61909ce2e5c6e065914378b00784a95f59f6f2bbfa47df
PLAY,SERVERBOUND,0x09,chat,net.minecraft.network.protocol.game.ServerboundChatPacket,net/minecraft/network/protocol/game/ServerboundChatPacket.java,5c8e882bff4793475409d9c45502bbc74163b0107e29940a01b79a52b0682a96
PLAY,SERVERBOUND,0x0A,chat_session_update,net.minecraft.network.protocol.game.ServerboundChatSessionUpdatePacket,net/minecraft/network/protocol/game/ServerboundChatSessionUpdatePacket.java,e46afadaa903e239588393ed6b16ba3831277ce406cd8d8a854cb384281a7450
PLAY,SERVERBOUND,0x0B,chunk_batch_received,net.minecraft.network.protocol.game.ServerboundChunkBatchReceivedPacket,net/minecraft/network/protocol/game/ServerboundChunkBatchReceivedPacket.java,16cafff7a016c1203310e0c511c47d629c5cba73174473125cc197e11d41a61a
PLAY,SERVERBOUND,0x0C,client_command,net.minecraft.network.protocol.game.ServerboundClientCommandPacket,net/minecraft/network/protocol/game/ServerboundClientCommandPacket.java,332413d89744e1fe687381fae32b7c3e233ddefe3369bfb3a451b1687390c6ba
PLAY,SERVERBOUND,0x0D,client_tick_end,net.minecraft.network.protocol.game.ServerboundClientTickEndPacket,net/minecraft/network/protocol/game/ServerboundClientTickEndPacket.java,57e422920ee40009c7a7c4453d555f332e539c324ddc5833cf4a918e67106bae
PLAY,SERVERBOUND,0x0E,client_information,net.minecraft.network.protocol.common.ServerboundClientInformationPacket,net/minecraft/network/protocol/common/ServerboundClientInformationPacket.java,9401b91180f9041ee6e8639e8575e4c4bcc3f018044261c6e1a6317009607fe0
PLAY,SERVERBOUND,0x0F,command_suggestion,net.minecraft.network.protocol.game.ServerboundCommandSuggestionPacket,net/minecraft/network/protocol/game/ServerboundCommandSuggestionPacket.java,b66a97e64ffdf17b1a7a380d8adb95dd23b223212926de01b23dc928ea9fbeea
PLAY,SERVERBOUND,0x10,configuration_acknowledged,net.minecraft.network.protocol.game.ServerboundConfigurationAcknowledgedPacket,net/minecraft/network/protocol/game/ServerboundConfigurationAcknowledgedPacket.java,6854e4e4d8ea468a960524fa4fff81a50e55abbd6d09386874b8be41802cad37
PLAY,SERVERBOUND,0x11,container_button_click,net.minecraft.network.protocol.game.ServerboundContainerButtonClickPacket,net/minecraft/network/protocol/game/ServerboundContainerButtonClickPacket.java,ed90e2dbcf0551b5b18d5cd693f917fd9feb1291d58c29ec3938dfaf2f889374
PLAY,SERVERBOUND,0x12,container_click,net.minecraft.network.protocol.game.ServerboundContainerClickPacket,net/minecraft/network/protocol/game/ServerboundContainerClickPacket.java,37bcf026ad589d0124755182b12c120f3aed4fa81ffe759c152468b2813bfaa5
PLAY,SERVERBOUND,0x13,container_close,net.minecraft.network.protocol.game.ServerboundContainerClosePacket,net/minecraft/network/protocol/game/ServerboundContainerClosePacket.java,320a3429cd00a5914e3e92aa4a6972fc4f7371889e3ec8c01e676407da6daf78
PLAY,SERVERBOUND,0x14,container_slot_state_changed,net.minecraft.network.protocol.game.ServerboundContainerSlotStateChangedPacket,net/minecraft/network/protocol/game/ServerboundContainerSlotStateChangedPacket.java,53c9dcf5e0ec77b864364a20a8e0f4de987af30830f3e838b837394b0cc38303
PLAY,SERVERBOUND,0x15,cookie_response,net.minecraft.network.protocol.cookie.ServerboundCookieResponsePacket,net/minecraft/network/protocol/cookie/ServerboundCookieResponsePacket.java,37034a5bdd1ecc508783dc2b41bd49a93a7fd86037a35d7fe34fdf5a85a59d44
PLAY,SERVERBOUND,0x16,custom_payload,net.minecraft.network.protocol.common.ServerboundCustomPayloadPacket,net/minecraft/network/protocol/common/ServerboundCustomPayloadPacket.java,4c43cecac91688b81cad2bc419545c6cafe0a76c1fb1f3affadd5919e3011520
PLAY,SERVERBOUND,0x17,debug_subscription_request,net.minecraft.network.protocol.game.ServerboundDebugSubscriptionRequestPacket,net/minecraft/network/protocol/game/ServerboundDebugSubscriptionRequestPacket.java,98fb3cd75cad506c23faa7cc16e1e97796c5c9a3c9a35dd96b274b23fa35ca35
PLAY,SERVERBOUND,0x18,edit_book,net.minecraft.network.protocol.game.ServerboundEditBookPacket,net/minecraft/network/protocol/game/ServerboundEditBookPacket.java,92fbc745cc7e6adbdfed062984af04b662faf2fc2ff5e88cd54cb74ac67eb72f
PLAY,SERVERBOUND,0x19,entity_tag_query,net.minecraft.network.protocol.game.ServerboundEntityTagQueryPacket,net/minecraft/network/protocol/game/ServerboundEntityTagQueryPacket.java,f65f5b46718085fc202beca2d4fb6b1416db2bb7d4c1b3872d7d8c289eb29a78
PLAY,SERVERBOUND,0x1A,interact,net.minecraft.network.protocol.game.ServerboundInteractPacket,net/minecraft/network/protocol/game/ServerboundInteractPacket.java,3babf6d006813049e78de2e98bb6d3733c3b6e00b20dc6e69cc8040f357d1c15
PLAY,SERVERBOUND,0x1B,jigsaw_generate,net.minecraft.network.protocol.game.ServerboundJigsawGeneratePacket,net/minecraft/network/protocol/game/ServerboundJigsawGeneratePacket.java,1bf6a30c81da5f102e5344e72faf2ec128c7d2840c509919fb017399572e7fae
PLAY,SERVERBOUND,0x1C,keep_alive,net.minecraft.network.protocol.common.ServerboundKeepAlivePacket,net/minecraft/network/protocol/common/ServerboundKeepAlivePacket.java,78b9e510e2074beee6e70b394005907c973423293539afb803d96d0d2b3445d6
PLAY,SERVERBOUND,0x1D,lock_difficulty,net.minecraft.network.protocol.game.ServerboundLockDifficultyPacket,net/minecraft/network/protocol/game/ServerboundLockDifficultyPacket.java,4c733efb571248d05f7d4cd012a71a93a6632a95079548cf664b08843688e9e9
PLAY,SERVERBOUND,0x1E,move_player_pos,net.minecraft.network.protocol.game.ServerboundMovePlayerPacket.Pos,net/minecraft/network/protocol/game/ServerboundMovePlayerPacket.java,71f48c9373e380cde78ddbd02147c3fa646d75ba3cf197fdebedeb421dbae5d4
PLAY,SERVERBOUND,0x1F,move_player_pos_rot,net.minecraft.network.protocol.game.ServerboundMovePlayerPacket.PosRot,net/minecraft/network/protocol/game/ServerboundMovePlayerPacket.java,71f48c9373e380cde78ddbd02147c3fa646d75ba3cf197fdebedeb421dbae5d4
PLAY,SERVERBOUND,0x20,move_player_rot,net.minecraft.network.protocol.game.ServerboundMovePlayerPacket.Rot,net/minecraft/network/protocol/game/ServerboundMovePlayerPacket.java,71f48c9373e380cde78ddbd02147c3fa646d75ba3cf197fdebedeb421dbae5d4
PLAY,SERVERBOUND,0x21,move_player_status_only,net.minecraft.network.protocol.game.ServerboundMovePlayerPacket.StatusOnly,net/minecraft/network/protocol/game/ServerboundMovePlayerPacket.java,71f48c9373e380cde78ddbd02147c3fa646d75ba3cf197fdebedeb421dbae5d4
PLAY,SERVERBOUND,0x22,move_vehicle,net.minecraft.network.protocol.game.ServerboundMoveVehiclePacket,net/minecraft/network/protocol/game/ServerboundMoveVehiclePacket.java,e0271b601b6324241e0d01e2330f3fb1957e56c7f72cb873c603d7baae578f25
PLAY,SERVERBOUND,0x23,paddle_boat,net.minecraft.network.protocol.game.ServerboundPaddleBoatPacket,net/minecraft/network/protocol/game/ServerboundPaddleBoatPacket.java,a1eecd4dc6fcabcf0c6849f796aac3cfbf958233e40464d0195040685128d1c8
PLAY,SERVERBOUND,0x24,pick_item_from_block,net.minecraft.network.protocol.game.ServerboundPickItemFromBlockPacket,net/minecraft/network/protocol/game/ServerboundPickItemFromBlockPacket.java,2fd498cc8f63d091ec817def4c6c3ca8dcc236c9a1ad232b5699c4ee5738f99b
PLAY,SERVERBOUND,0x25,pick_item_from_entity,net.minecraft.network.protocol.game.ServerboundPickItemFromEntityPacket,net/minecraft/network/protocol/game/ServerboundPickItemFromEntityPacket.java,166bc969d30380f8d07d8b06bf377ab07fd312f70b96438bdb469f671f80bc49
PLAY,SERVERBOUND,0x26,ping_request,net.minecraft.network.protocol.ping.ServerboundPingRequestPacket,net/minecraft/network/protocol/ping/ServerboundPingRequestPacket.java,7face5423d842e931b9d63ed496528b1e0e180986d9c8bd57cf002f20a5b1335
PLAY,SERVERBOUND,0x27,place_recipe,net.minecraft.network.protocol.game.ServerboundPlaceRecipePacket,net/minecraft/network/protocol/game/ServerboundPlaceRecipePacket.java,3aaf100585b7eb6ef1f43f2b510c7ac20b613a492d0d00a3279294e1f6fdf0ca
PLAY,SERVERBOUND,0x28,player_abilities,net.minecraft.network.protocol.game.ServerboundPlayerAbilitiesPacket,net/minecraft/network/protocol/game/ServerboundPlayerAbilitiesPacket.java,5513c1ecc12bda17498af5699d4ffd7efc971025b89db37317d559ecc436d760
PLAY,SERVERBOUND,0x29,player_action,net.minecraft.network.protocol.game.ServerboundPlayerActionPacket,net/minecraft/network/protocol/game/ServerboundPlayerActionPacket.java,5af9f29c76f94a08c405c83c100b24727245442bda4d404f067a84caa8e0b813
PLAY,SERVERBOUND,0x2A,player_command,net.minecraft.network.protocol.game.ServerboundPlayerCommandPacket,net/minecraft/network/protocol/game/ServerboundPlayerCommandPacket.java,5d834045070a13339a016353b82b9743ac8e651c718aef84c2410ba7f69121e4
PLAY,SERVERBOUND,0x2B,player_input,net.minecraft.network.protocol.game.ServerboundPlayerInputPacket,net/minecraft/network/protocol/game/ServerboundPlayerInputPacket.java,746de914c4fae1259e3111e3adb916ea98f8ed45928dd0a53d434f25a6e84166
PLAY,SERVERBOUND,0x2C,player_loaded,net.minecraft.network.protocol.game.ServerboundPlayerLoadedPacket,net/minecraft/network/protocol/game/ServerboundPlayerLoadedPacket.java,cb120033764fded7b003f6eb41dfdd4be4b80816e4c5bdbb6e8fdcf22961212e
PLAY,SERVERBOUND,0x2D,pong,net.minecraft.network.protocol.common.ServerboundPongPacket,net/minecraft/network/protocol/common/ServerboundPongPacket.java,d9533859a151c062608cefd358f4d873fd0cd28b7a0ff3bc4972260ed705ff66
PLAY,SERVERBOUND,0x2E,recipe_book_change_settings,net.minecraft.network.protocol.game.ServerboundRecipeBookChangeSettingsPacket,net/minecraft/network/protocol/game/ServerboundRecipeBookChangeSettingsPacket.java,793900dc3294679e27429a0f43d4eec0a9f471f067276fa11f2ac1def0ac67a9
PLAY,SERVERBOUND,0x2F,recipe_book_seen_recipe,net.minecraft.network.protocol.game.ServerboundRecipeBookSeenRecipePacket,net/minecraft/network/protocol/game/ServerboundRecipeBookSeenRecipePacket.java,d4c6ec589d9a011c6af559bda7facfe4b8b112438e95c3aac13f0ffb76a95d07
PLAY,SERVERBOUND,0x30,rename_item,net.minecraft.network.protocol.game.ServerboundRenameItemPacket,net/minecraft/network/protocol/game/ServerboundRenameItemPacket.java,fc8f2aeb0cf6ff4940f3c2839d78b0d2d4034de7210a7c0963323f5f39d44fac
PLAY,SERVERBOUND,0x31,resource_pack,net.minecraft.network.protocol.common.ServerboundResourcePackPacket,net/minecraft/network/protocol/common/ServerboundResourcePackPacket.java,098e669a40ff17d3cfa6d3ff1a7be89ccf0c22eb7e18e109f11678ced4ddb7b5
PLAY,SERVERBOUND,0x32,seen_advancements,net.minecraft.network.protocol.game.ServerboundSeenAdvancementsPacket,net/minecraft/network/protocol/game/ServerboundSeenAdvancementsPacket.java,41d4a9b058873cc54baa5c32a1e2711eb98cd6719555c938ff2b70df2e59c025
PLAY,SERVERBOUND,0x33,select_trade,net.minecraft.network.protocol.game.ServerboundSelectTradePacket,net/minecraft/network/protocol/game/ServerboundSelectTradePacket.java,3507710bbf9ca1b08314af046327c3575c6f5dda2ee2090176bef6c442d2f5c5
PLAY,SERVERBOUND,0x34,set_beacon,net.minecraft.network.protocol.game.ServerboundSetBeaconPacket,net/minecraft/network/protocol/game/ServerboundSetBeaconPacket.java,60cac65a6b23c59374bb2354ad5a7850b289b9ae4f6fc6acc2b219f9be1fb591
PLAY,SERVERBOUND,0x35,set_carried_item,net.minecraft.network.protocol.game.ServerboundSetCarriedItemPacket,net/minecraft/network/protocol/game/ServerboundSetCarriedItemPacket.java,5859634b96dd44aea78c7ec5280e1bd67361bf0721441345e1891fdc88c9d650
PLAY,SERVERBOUND,0x36,set_command_block,net.minecraft.network.protocol.game.ServerboundSetCommandBlockPacket,net/minecraft/network/protocol/game/ServerboundSetCommandBlockPacket.java,9e6312e011a2b8ff025f38285b86e5d1b7a29e3e8a68d5f3246cc871b1a843d8
PLAY,SERVERBOUND,0x37,set_command_minecart,net.minecraft.network.protocol.game.ServerboundSetCommandMinecartPacket,net/minecraft/network/protocol/game/ServerboundSetCommandMinecartPacket.java,e2bc752f10dc886273e6f8111970d8d511dcc30ed32191bbd7fc77897f25d4ad
PLAY,SERVERBOUND,0x38,set_creative_mode_slot,net.minecraft.network.protocol.game.ServerboundSetCreativeModeSlotPacket,net/minecraft/network/protocol/game/ServerboundSetCreativeModeSlotPacket.java,a91ed5612e59e42259e103d72da99c21a2957bac01ce7c7798992897dbcf2068
PLAY,SERVERBOUND,0x39,set_game_rule,net.minecraft.network.protocol.game.ServerboundSetGameRulePacket,net/minecraft/network/protocol/game/ServerboundSetGameRulePacket.java,97433a5460ac993bd2c82cd086f29cf3248efc3d776d709fa05a0e14265a41a1
PLAY,SERVERBOUND,0x3A,set_jigsaw_block,net.minecraft.network.protocol.game.ServerboundSetJigsawBlockPacket,net/minecraft/network/protocol/game/ServerboundSetJigsawBlockPacket.java,73c4118d4f9fe82946bc71642ae4b1fdbf235c01b06f69e4a3787412a58a2ec7
PLAY,SERVERBOUND,0x3B,set_structure_block,net.minecraft.network.protocol.game.ServerboundSetStructureBlockPacket,net/minecraft/network/protocol/game/ServerboundSetStructureBlockPacket.java,e05dc3fe8efbccfcf4a00f0a96b950357328b8c76b5d891ec041678bd618c24c
PLAY,SERVERBOUND,0x3C,set_test_block,net.minecraft.network.protocol.game.ServerboundSetTestBlockPacket,net/minecraft/network/protocol/game/ServerboundSetTestBlockPacket.java,b5b5ef89b72b2f180dbac48fcaf8e0c02038f0610aeb19d90aaa0e765a09e977
PLAY,SERVERBOUND,0x3D,sign_update,net.minecraft.network.protocol.game.ServerboundSignUpdatePacket,net/minecraft/network/protocol/game/ServerboundSignUpdatePacket.java,26e15d7e1d90670d31badd9352dd6c0078162c982207e6690e41194d39b41e89
PLAY,SERVERBOUND,0x3E,spectator_action,net.minecraft.network.protocol.game.ServerboundSpectatorActionPacket,net/minecraft/network/protocol/game/ServerboundSpectatorActionPacket.java,918f88c6ace5f3154f82d21dc01ad8a08c120f8f4d45de930b8494e41293159d
PLAY,SERVERBOUND,0x3F,swing,net.minecraft.network.protocol.game.ServerboundSwingPacket,net/minecraft/network/protocol/game/ServerboundSwingPacket.java,1a9455b9bbc0f184a18de5af744e6fceed73397f77b3941c5cbb61663f57fe90
PLAY,SERVERBOUND,0x40,teleport_to_entity,net.minecraft.network.protocol.game.ServerboundTeleportToEntityPacket,net/minecraft/network/protocol/game/ServerboundTeleportToEntityPacket.java,447023636a9677842ad5a950b3619c14c4bb11466b402f40192c93d52a16bd1e
PLAY,SERVERBOUND,0x41,test_instance_block_action,net.minecraft.network.protocol.game.ServerboundTestInstanceBlockActionPacket,net/minecraft/network/protocol/game/ServerboundTestInstanceBlockActionPacket.java,f6f77669032868c61b2f132cd32384378a48a1f8ced977046321a2ed00196d1d
PLAY,SERVERBOUND,0x42,use_item_on,net.minecraft.network.protocol.game.ServerboundUseItemOnPacket,net/minecraft/network/protocol/game/ServerboundUseItemOnPacket.java,8486c9e376847ee5d77a2b9e18dc0240565976efb3bb74052f16fb58d078de17
PLAY,SERVERBOUND,0x43,use_item,net.minecraft.network.protocol.game.ServerboundUseItemPacket,net/minecraft/network/protocol/game/ServerboundUseItemPacket.java,122cc02913c242fc424ce0ec6f51c0bf674a22461a06bed1136c5a6ea352aadf
PLAY,SERVERBOUND,0x44,custom_click_action,net.minecraft.network.protocol.common.ServerboundCustomClickActionPacket,net/minecraft/network/protocol/common/ServerboundCustomClickActionPacket.java,b86fd3d9fdfd6b69c9a17c14f1c6761c7a398b01ef4090b7338211a66d4d082c
STATUS,CLIENTBOUND,0x00,status_response,net.minecraft.network.protocol.status.ClientboundStatusResponsePacket,net/minecraft/network/protocol/status/ClientboundStatusResponsePacket.java,2b998a360967bcb79ce3739407c1ea8806d4cd283d65d7ffea940dd9e00c5d71
STATUS,CLIENTBOUND,0x01,pong_response,net.minecraft.network.protocol.ping.ClientboundPongResponsePacket,net/minecraft/network/protocol/ping/ClientboundPongResponsePacket.java,fa9b71a0773027ce475f85b450d8554a2ba41a21481bbb2c4803c37df0f1cb15
STATUS,SERVERBOUND,0x00,status_request,net.minecraft.network.protocol.status.ServerboundStatusRequestPacket,net/minecraft/network/protocol/status/ServerboundStatusRequestPacket.java,aaed2c88757eb9d2d9f30eef1641183dba55f5c19975df79d1683136b6f87c9b
STATUS,SERVERBOUND,0x01,ping_request,net.minecraft.network.protocol.ping.ServerboundPingRequestPacket,net/minecraft/network/protocol/ping/ServerboundPingRequestPacket.java,7face5423d842e931b9d63ed496528b1e0e180986d9c8bd57cf002f20a5b1335
